,label
simple_2012_0_1,2
simple_2012_0_2,2
simple_2012_0_3,1
simple_2012_0_4,1
simple_2012_0_5,0
simple_2012_0_6,0
simple_2012_0_7,0
simple_2012_0_8,0
simple_2012_0_9,0
simple_2012_0_10,0
simple_2012_0_11,0
simple_2012_0_12,0
simple_2012_0_13,0
simple_2012_0_14,0
simple_2012_0_15,0
simple_2012_0_16,0
simple_2012_0_17,0
simple_2012_0_18,0
simple_2012_0_19,0
simple_2012_0_20,0
simple_2012_0_21,0
simple_2012_0_22,0
simple_2012_0_23,0
simple_2012_0_24,0
simple_2012_0_25,0
simple_2012_0_26,0
simple_2012_0_27,0
simple_2012_0_28,0
simple_2012_0_29,0
simple_2012_0_30,0
simple_2012_0_31,0
simple_2012_0_32,0
simple_2012_0_33,0
simple_2012_0_34,1
simple_2012_0_35,1
simple_2012_0_36,1
simple_2012_0_37,0
simple_2012_0_38,0
simple_2012_0_39,0
simple_2012_0_40,0
simple_2012_0_41,0
simple_2012_0_42,0
simple_2012_0_43,0
simple_2012_0_44,0
simple_2012_0_45,0
simple_2012_0_46,0
simple_2012_0_47,0
simple_2012_0_48,1
simple_2012_0_49,0
simple_2012_0_50,0
simple_2012_0_51,0
simple_2012_0_52,0
simple_2012_0_53,0
simple_2012_0_54,0
simple_2012_0_55,0
simple_2012_0_56,0
simple_2012_0_57,0
simple_2012_0_58,0
simple_2012_0_59,0
simple_2012_0_60,0
simple_2012_0_61,0
simple_2012_0_62,0
simple_2012_0_63,0
simple_2012_0_64,0
simple_2012_0_65,0
simple_2012_0_66,0
simple_2012_0_67,0
simple_2012_0_68,4
simple_2012_0_69,1
simple_2012_0_70,2
simple_2012_0_71,1
simple_2012_0_72,1
simple_2012_0_73,2
simple_2012_0_74,1
simple_2012_0_75,0
simple_2012_0_76,0
simple_2012_0_77,0
simple_2012_0_78,1
simple_2012_0_79,1
simple_2012_0_80,1
simple_2012_0_81,0
simple_2012_0_82,1
simple_2012_0_83,1
simple_2012_0_84,0
simple_2012_0_85,0
simple_2012_0_86,0
simple_2012_0_87,1
simple_2012_0_88,1
simple_2012_0_89,1
simple_2012_0_90,0
simple_2012_0_91,0
simple_2012_0_92,1
simple_2012_0_93,0
simple_2012_0_94,0
simple_2012_0_95,0
simple_2012_0_96,0
simple_2012_0_97,0
simple_2012_0_98,0
simple_2012_0_99,1
simple_2012_0_100,0
simple_2012_0_101,0
simple_2012_0_102,0
simple_2012_0_103,0
simple_2012_0_104,0
simple_2012_0_105,0
simple_2012_0_106,0
simple_2012_0_107,0
simple_2012_0_108,0
simple_2012_0_109,1
simple_2012_0_110,0
simple_2012_0_111,0
simple_2012_0_112,0
simple_2012_0_113,0
simple_2012_0_114,1
simple_2012_0_115,0
simple_2012_0_116,0
simple_2012_0_117,1
simple_2012_0_118,1
simple_2012_0_119,0
simple_2012_0_120,0
simple_2012_0_121,0
simple_2012_0_122,0
simple_2012_0_123,0
simple_2012_0_124,0
simple_2012_0_125,0
simple_2012_0_126,0
simple_2012_0_127,0
simple_2012_0_128,0
simple_2012_0_129,1
simple_2012_0_130,1
simple_2012_0_131,1
simple_2012_0_132,0
simple_2012_0_133,1
simple_2012_0_134,1
simple_2012_0_135,1
simple_2012_0_136,0
simple_2012_0_137,0
simple_2012_0_138,0
simple_2012_0_139,0
simple_2012_0_140,0
simple_2012_0_141,0
simple_2012_0_142,1
simple_2012_0_143,1
simple_2012_0_144,0
simple_2012_0_145,1
simple_2012_0_146,0
simple_2012_0_147,0
simple_2012_0_148,0
simple_2012_0_149,0
simple_2012_0_150,0
simple_2012_0_151,0
simple_2012_0_152,0
simple_2012_0_153,0
simple_2012_0_154,0
simple_2012_0_155,0
simple_2012_0_156,0
simple_2012_0_157,0
simple_2012_0_158,0
simple_2012_0_159,0
simple_2012_0_160,0
simple_2012_0_161,0
simple_2012_0_162,1
simple_2012_0_163,0
simple_2012_0_164,0
simple_2012_0_165,0
simple_2012_0_166,0
simple_2012_0_167,0
simple_2012_0_168,0
simple_2012_0_169,0
simple_2012_0_170,0
simple_2012_0_171,0
simple_2012_0_172,0
simple_2012_0_173,0
simple_2012_0_174,1
simple_2012_0_175,0
simple_2012_0_176,0
simple_2012_0_177,0
simple_2012_0_178,0
simple_2012_0_179,0
simple_2012_0_180,0
simple_2012_0_181,0
simple_2012_0_182,0
simple_2012_0_183,0
simple_2012_0_184,0
simple_2012_0_185,0
simple_2012_0_186,0
simple_2012_0_187,2
simple_2012_0_188,4
simple_2012_0_189,1
simple_2012_0_190,0
simple_2012_0_191,2
simple_2012_0_192,0
simple_2012_0_193,0
simple_2012_0_194,0
simple_2012_0_195,0
simple_2012_0_196,0
simple_2012_0_197,0
simple_2012_0_198,0
simple_2012_0_199,0
simple_2012_0_200,0
simple_2012_0_201,0
simple_2012_0_202,0
simple_2012_0_203,0
simple_2012_0_204,0
simple_2012_0_205,0
simple_2012_0_206,0
simple_2012_0_207,0
simple_2012_0_208,0
simple_2012_0_209,0
simple_2012_0_210,0
simple_2012_0_211,0
simple_2012_0_212,0
simple_2012_0_213,0
simple_2012_0_214,0
simple_2012_0_215,0
simple_2012_0_216,0
simple_2012_0_217,0
simple_2012_0_218,0
simple_2012_0_219,0
simple_2012_0_220,0
simple_2012_0_221,0
simple_2012_0_222,1
simple_2012_0_223,1
simple_2012_0_224,0
simple_2012_0_225,0
simple_2012_0_226,0
simple_2012_0_227,0
simple_2012_0_228,0
simple_2012_0_229,0
simple_2012_0_230,0
simple_2012_0_231,0
simple_2012_0_232,0
simple_2012_0_233,0
simple_2012_0_234,0
simple_2012_0_235,0
simple_2012_0_236,0
simple_2012_0_237,0
simple_2012_0_238,0
simple_2012_0_239,0
simple_2012_0_240,0
simple_2012_0_241,0
simple_2012_0_242,0
simple_2012_0_243,0
simple_2012_0_244,0
simple_2012_0_245,0
simple_2012_0_246,0
simple_2012_0_247,0
simple_2012_0_248,0
simple_2012_0_249,0
simple_2012_0_250,0
simple_2012_0_251,0
simple_2012_0_252,0
simple_2012_0_253,0
simple_2012_0_254,0
simple_2012_0_255,1
simple_2012_0_256,0
simple_2012_0_257,0
simple_2012_0_258,0
simple_2012_0_259,0
simple_2012_0_260,0
simple_2012_0_261,0
simple_2012_0_262,0
simple_2012_0_263,0
simple_2012_0_264,0
simple_2012_0_265,0
simple_2012_0_266,0
simple_2012_0_267,0
simple_2012_0_268,0
simple_2012_0_269,0
simple_2012_0_270,0
simple_2012_0_271,0
simple_2012_0_272,0
simple_2012_0_273,0
simple_2012_0_274,0
simple_2012_0_275,0
simple_2012_0_276,0
simple_2012_0_277,0
simple_2012_0_278,0
simple_2012_0_279,0
simple_2012_0_280,0
simple_2012_0_281,0
simple_2012_0_282,0
simple_2012_0_283,0
simple_2013_0_1,2
simple_2013_0_2,2
simple_2013_0_3,1
simple_2013_0_4,1
simple_2013_0_5,0
simple_2013_0_6,0
simple_2013_0_7,0
simple_2013_0_8,0
simple_2013_0_9,0
simple_2013_0_10,0
simple_2013_0_11,0
simple_2013_0_12,0
simple_2013_0_13,0
simple_2013_0_14,0
simple_2013_0_15,0
simple_2013_0_16,0
simple_2013_0_17,0
simple_2013_0_18,0
simple_2013_0_19,0
simple_2013_0_20,0
simple_2013_0_21,0
simple_2013_0_22,0
simple_2013_0_23,0
simple_2013_0_24,0
simple_2013_0_25,0
simple_2013_0_26,0
simple_2013_0_27,0
simple_2013_0_28,0
simple_2013_0_29,0
simple_2013_0_30,0
simple_2013_0_31,0
simple_2013_0_32,0
simple_2013_0_33,0
simple_2013_0_34,1
simple_2013_0_35,1
simple_2013_0_36,0
simple_2013_0_37,0
simple_2013_0_38,0
simple_2013_0_39,0
simple_2013_0_40,0
simple_2013_0_41,0
simple_2013_0_42,0
simple_2013_0_43,0
simple_2013_0_44,0
simple_2013_0_45,0
simple_2013_0_46,0
simple_2013_0_47,0
simple_2013_0_48,1
simple_2013_0_49,0
simple_2013_0_50,0
simple_2013_0_51,0
simple_2013_0_52,0
simple_2013_0_53,0
simple_2013_0_54,0
simple_2013_0_55,0
simple_2013_0_56,0
simple_2013_0_57,0
simple_2013_0_58,0
simple_2013_0_59,0
simple_2013_0_60,0
simple_2013_0_61,0
simple_2013_0_62,0
simple_2013_0_63,0
simple_2013_0_64,0
simple_2013_0_65,0
simple_2013_0_66,0
simple_2013_0_67,0
simple_2013_0_68,4
simple_2013_0_69,1
simple_2013_0_70,2
simple_2013_0_71,1
simple_2013_0_72,1
simple_2013_0_73,2
simple_2013_0_74,1
simple_2013_0_75,0
simple_2013_0_76,0
simple_2013_0_77,0
simple_2013_0_78,1
simple_2013_0_79,1
simple_2013_0_80,1
simple_2013_0_81,0
simple_2013_0_82,1
simple_2013_0_83,1
simple_2013_0_84,0
simple_2013_0_85,0
simple_2013_0_86,0
simple_2013_0_87,1
simple_2013_0_88,1
simple_2013_0_89,0
simple_2013_0_90,0
simple_2013_0_91,0
simple_2013_0_92,1
simple_2013_0_93,0
simple_2013_0_94,0
simple_2013_0_95,0
simple_2013_0_96,0
simple_2013_0_97,0
simple_2013_0_98,0
simple_2013_0_99,1
simple_2013_0_100,0
simple_2013_0_101,0
simple_2013_0_102,0
simple_2013_0_103,0
simple_2013_0_104,0
simple_2013_0_105,0
simple_2013_0_106,0
simple_2013_0_107,0
simple_2013_0_108,0
simple_2013_0_109,1
simple_2013_0_110,0
simple_2013_0_111,0
simple_2013_0_112,0
simple_2013_0_113,0
simple_2013_0_114,1
simple_2013_0_115,0
simple_2013_0_116,0
simple_2013_0_117,1
simple_2013_0_118,1
simple_2013_0_119,0
simple_2013_0_120,0
simple_2013_0_121,0
simple_2013_0_122,0
simple_2013_0_123,0
simple_2013_0_124,0
simple_2013_0_125,0
simple_2013_0_126,0
simple_2013_0_127,0
simple_2013_0_128,0
simple_2013_0_129,1
simple_2013_0_130,1
simple_2013_0_131,1
simple_2013_0_132,0
simple_2013_0_133,1
simple_2013_0_134,1
simple_2013_0_135,1
simple_2013_0_136,0
simple_2013_0_137,0
simple_2013_0_138,0
simple_2013_0_139,0
simple_2013_0_140,0
simple_2013_0_141,0
simple_2013_0_142,1
simple_2013_0_143,0
simple_2013_0_144,0
simple_2013_0_145,1
simple_2013_0_146,0
simple_2013_0_147,0
simple_2013_0_148,0
simple_2013_0_149,0
simple_2013_0_150,0
simple_2013_0_151,0
simple_2013_0_152,0
simple_2013_0_153,0
simple_2013_0_154,0
simple_2013_0_155,0
simple_2013_0_156,0
simple_2013_0_157,0
simple_2013_0_158,0
simple_2013_0_159,0
simple_2013_0_160,0
simple_2013_0_161,0
simple_2013_0_162,1
simple_2013_0_163,0
simple_2013_0_164,0
simple_2013_0_165,0
simple_2013_0_166,0
simple_2013_0_167,0
simple_2013_0_168,0
simple_2013_0_169,0
simple_2013_0_170,0
simple_2013_0_171,0
simple_2013_0_172,0
simple_2013_0_173,0
simple_2013_0_174,1
simple_2013_0_175,0
simple_2013_0_176,0
simple_2013_0_177,0
simple_2013_0_178,0
simple_2013_0_179,0
simple_2013_0_180,0
simple_2013_0_181,0
simple_2013_0_182,0
simple_2013_0_183,0
simple_2013_0_184,0
simple_2013_0_185,0
simple_2013_0_186,0
simple_2013_0_187,2
simple_2013_0_188,4
simple_2013_0_189,1
simple_2013_0_190,0
simple_2013_0_191,2
simple_2013_0_192,0
simple_2013_0_193,0
simple_2013_0_194,0
simple_2013_0_195,0
simple_2013_0_196,0
simple_2013_0_197,0
simple_2013_0_198,0
simple_2013_0_199,0
simple_2013_0_200,0
simple_2013_0_201,0
simple_2013_0_202,0
simple_2013_0_203,0
simple_2013_0_204,0
simple_2013_0_205,0
simple_2013_0_206,0
simple_2013_0_207,0
simple_2013_0_208,0
simple_2013_0_209,0
simple_2013_0_210,0
simple_2013_0_211,0
simple_2013_0_212,0
simple_2013_0_213,0
simple_2013_0_214,0
simple_2013_0_215,0
simple_2013_0_216,0
simple_2013_0_217,0
simple_2013_0_218,0
simple_2013_0_219,0
simple_2013_0_220,0
simple_2013_0_221,0
simple_2013_0_222,1
simple_2013_0_223,1
simple_2013_0_224,0
simple_2013_0_225,0
simple_2013_0_226,0
simple_2013_0_227,0
simple_2013_0_228,0
simple_2013_0_229,0
simple_2013_0_230,0
simple_2013_0_231,0
simple_2013_0_232,0
simple_2013_0_233,0
simple_2013_0_234,0
simple_2013_0_235,0
simple_2013_0_236,0
simple_2013_0_237,0
simple_2013_0_238,0
simple_2013_0_239,0
simple_2013_0_240,0
simple_2013_0_241,0
simple_2013_0_242,0
simple_2013_0_243,0
simple_2013_0_244,0
simple_2013_0_245,0
simple_2013_0_246,0
simple_2013_0_247,0
simple_2013_0_248,0
simple_2013_0_249,0
simple_2013_0_250,0
simple_2013_0_251,0
simple_2013_0_252,0
simple_2013_0_253,0
simple_2013_0_254,0
simple_2013_0_255,1
simple_2013_0_256,0
simple_2013_0_257,0
simple_2013_0_258,0
simple_2013_0_259,0
simple_2013_0_260,0
simple_2013_0_261,0
simple_2013_0_262,0
simple_2013_0_263,0
simple_2013_0_264,0
simple_2013_0_265,0
simple_2013_0_266,0
simple_2013_0_267,0
simple_2013_0_268,0
simple_2013_0_269,0
simple_2013_0_270,0
simple_2013_0_271,0
simple_2013_0_272,0
simple_2013_0_273,0
simple_2013_0_274,0
simple_2013_0_275,0
simple_2013_0_276,0
simple_2013_0_277,0
simple_2013_0_278,0
simple_2013_0_279,0
simple_2013_0_280,0
simple_2013_0_281,0
simple_2013_0_282,0
simple_2013_0_283,0
simple_2014_0_1,2
simple_2014_0_2,2
simple_2014_0_3,1
simple_2014_0_4,1
simple_2014_0_5,0
simple_2014_0_6,0
simple_2014_0_7,0
simple_2014_0_8,0
simple_2014_0_9,0
simple_2014_0_10,0
simple_2014_0_11,0
simple_2014_0_12,0
simple_2014_0_13,0
simple_2014_0_14,0
simple_2014_0_15,0
simple_2014_0_16,0
simple_2014_0_17,0
simple_2014_0_18,0
simple_2014_0_19,0
simple_2014_0_20,0
simple_2014_0_21,0
simple_2014_0_22,0
simple_2014_0_23,0
simple_2014_0_24,0
simple_2014_0_25,0
simple_2014_0_26,0
simple_2014_0_27,0
simple_2014_0_28,0
simple_2014_0_29,0
simple_2014_0_30,0
simple_2014_0_31,0
simple_2014_0_32,0
simple_2014_0_33,0
simple_2014_0_34,1
simple_2014_0_35,1
simple_2014_0_36,0
simple_2014_0_37,0
simple_2014_0_38,0
simple_2014_0_39,0
simple_2014_0_40,0
simple_2014_0_41,0
simple_2014_0_42,0
simple_2014_0_43,0
simple_2014_0_44,0
simple_2014_0_45,0
simple_2014_0_46,0
simple_2014_0_47,0
simple_2014_0_48,1
simple_2014_0_49,0
simple_2014_0_50,0
simple_2014_0_51,0
simple_2014_0_52,0
simple_2014_0_53,0
simple_2014_0_54,0
simple_2014_0_55,0
simple_2014_0_56,0
simple_2014_0_57,0
simple_2014_0_58,0
simple_2014_0_59,0
simple_2014_0_60,0
simple_2014_0_61,0
simple_2014_0_62,0
simple_2014_0_63,0
simple_2014_0_64,0
simple_2014_0_65,0
simple_2014_0_66,0
simple_2014_0_67,0
simple_2014_0_68,3
simple_2014_0_69,1
simple_2014_0_70,2
simple_2014_0_71,1
simple_2014_0_72,1
simple_2014_0_73,2
simple_2014_0_74,1
simple_2014_0_75,0
simple_2014_0_76,0
simple_2014_0_77,0
simple_2014_0_78,1
simple_2014_0_79,1
simple_2014_0_80,1
simple_2014_0_81,0
simple_2014_0_82,1
simple_2014_0_83,1
simple_2014_0_84,0
simple_2014_0_85,0
simple_2014_0_86,0
simple_2014_0_87,1
simple_2014_0_88,0
simple_2014_0_89,0
simple_2014_0_90,0
simple_2014_0_91,0
simple_2014_0_92,1
simple_2014_0_93,0
simple_2014_0_94,0
simple_2014_0_95,0
simple_2014_0_96,0
simple_2014_0_97,0
simple_2014_0_98,0
simple_2014_0_99,1
simple_2014_0_100,0
simple_2014_0_101,0
simple_2014_0_102,0
simple_2014_0_103,0
simple_2014_0_104,0
simple_2014_0_105,0
simple_2014_0_106,0
simple_2014_0_107,0
simple_2014_0_108,0
simple_2014_0_109,1
simple_2014_0_110,0
simple_2014_0_111,0
simple_2014_0_112,0
simple_2014_0_113,0
simple_2014_0_114,1
simple_2014_0_115,0
simple_2014_0_116,0
simple_2014_0_117,1
simple_2014_0_118,1
simple_2014_0_119,0
simple_2014_0_120,0
simple_2014_0_121,0
simple_2014_0_122,0
simple_2014_0_123,0
simple_2014_0_124,0
simple_2014_0_125,0
simple_2014_0_126,0
simple_2014_0_127,0
simple_2014_0_128,0
simple_2014_0_129,1
simple_2014_0_130,1
simple_2014_0_131,1
simple_2014_0_132,0
simple_2014_0_133,1
simple_2014_0_134,1
simple_2014_0_135,1
simple_2014_0_136,0
simple_2014_0_137,0
simple_2014_0_138,0
simple_2014_0_139,0
simple_2014_0_140,0
simple_2014_0_141,0
simple_2014_0_142,1
simple_2014_0_143,0
simple_2014_0_144,0
simple_2014_0_145,1
simple_2014_0_146,0
simple_2014_0_147,0
simple_2014_0_148,0
simple_2014_0_149,0
simple_2014_0_150,0
simple_2014_0_151,0
simple_2014_0_152,0
simple_2014_0_153,0
simple_2014_0_154,0
simple_2014_0_155,0
simple_2014_0_156,0
simple_2014_0_157,0
simple_2014_0_158,0
simple_2014_0_159,0
simple_2014_0_160,0
simple_2014_0_161,0
simple_2014_0_162,1
simple_2014_0_163,0
simple_2014_0_164,0
simple_2014_0_165,0
simple_2014_0_166,0
simple_2014_0_167,0
simple_2014_0_168,0
simple_2014_0_169,0
simple_2014_0_170,0
simple_2014_0_171,0
simple_2014_0_172,0
simple_2014_0_173,0
simple_2014_0_174,1
simple_2014_0_175,0
simple_2014_0_176,0
simple_2014_0_177,0
simple_2014_0_178,0
simple_2014_0_179,0
simple_2014_0_180,0
simple_2014_0_181,0
simple_2014_0_182,0
simple_2014_0_183,0
simple_2014_0_184,0
simple_2014_0_185,0
simple_2014_0_186,0
simple_2014_0_187,2
simple_2014_0_188,4
simple_2014_0_189,0
simple_2014_0_190,0
simple_2014_0_191,2
simple_2014_0_192,0
simple_2014_0_193,0
simple_2014_0_194,0
simple_2014_0_195,0
simple_2014_0_196,0
simple_2014_0_197,0
simple_2014_0_198,0
simple_2014_0_199,0
simple_2014_0_200,0
simple_2014_0_201,0
simple_2014_0_202,0
simple_2014_0_203,0
simple_2014_0_204,0
simple_2014_0_205,0
simple_2014_0_206,0
simple_2014_0_207,0
simple_2014_0_208,0
simple_2014_0_209,0
simple_2014_0_210,0
simple_2014_0_211,0
simple_2014_0_212,0
simple_2014_0_213,0
simple_2014_0_214,0
simple_2014_0_215,0
simple_2014_0_216,0
simple_2014_0_217,0
simple_2014_0_218,0
simple_2014_0_219,0
simple_2014_0_220,0
simple_2014_0_221,0
simple_2014_0_222,1
simple_2014_0_223,1
simple_2014_0_224,0
simple_2014_0_225,0
simple_2014_0_226,0
simple_2014_0_227,0
simple_2014_0_228,0
simple_2014_0_229,0
simple_2014_0_230,0
simple_2014_0_231,0
simple_2014_0_232,0
simple_2014_0_233,0
simple_2014_0_234,0
simple_2014_0_235,0
simple_2014_0_236,0
simple_2014_0_237,0
simple_2014_0_238,0
simple_2014_0_239,0
simple_2014_0_240,0
simple_2014_0_241,0
simple_2014_0_242,0
simple_2014_0_243,0
simple_2014_0_244,0
simple_2014_0_245,0
simple_2014_0_246,0
simple_2014_0_247,0
simple_2014_0_248,0
simple_2014_0_249,0
simple_2014_0_250,0
simple_2014_0_251,0
simple_2014_0_252,0
simple_2014_0_253,0
simple_2014_0_254,0
simple_2014_0_255,1
simple_2014_0_256,0
simple_2014_0_257,0
simple_2014_0_258,0
simple_2014_0_259,0
simple_2014_0_260,0
simple_2014_0_261,0
simple_2014_0_262,0
simple_2014_0_263,0
simple_2014_0_264,0
simple_2014_0_265,0
simple_2014_0_266,0
simple_2014_0_267,0
simple_2014_0_268,0
simple_2014_0_269,0
simple_2014_0_270,0
simple_2014_0_271,0
simple_2014_0_272,0
simple_2014_0_273,0
simple_2014_0_274,0
simple_2014_0_275,0
simple_2014_0_276,0
simple_2014_0_277,0
simple_2014_0_278,0
simple_2014_0_279,0
simple_2014_0_280,0
simple_2014_0_281,0
simple_2014_0_282,0
simple_2014_0_283,0
simple_2015_0_1,2
simple_2015_0_2,2
simple_2015_0_3,1
simple_2015_0_4,1
simple_2015_0_5,0
simple_2015_0_6,0
simple_2015_0_7,0
simple_2015_0_8,0
simple_2015_0_9,0
simple_2015_0_10,0
simple_2015_0_11,0
simple_2015_0_12,0
simple_2015_0_13,0
simple_2015_0_14,0
simple_2015_0_15,0
simple_2015_0_16,0
simple_2015_0_17,0
simple_2015_0_18,0
simple_2015_0_19,0
simple_2015_0_20,0
simple_2015_0_21,0
simple_2015_0_22,0
simple_2015_0_23,0
simple_2015_0_24,0
simple_2015_0_25,0
simple_2015_0_26,0
simple_2015_0_27,0
simple_2015_0_28,0
simple_2015_0_29,0
simple_2015_0_30,0
simple_2015_0_31,0
simple_2015_0_32,0
simple_2015_0_33,0
simple_2015_0_34,1
simple_2015_0_35,1
simple_2015_0_36,0
simple_2015_0_37,0
simple_2015_0_38,0
simple_2015_0_39,0
simple_2015_0_40,0
simple_2015_0_41,0
simple_2015_0_42,0
simple_2015_0_43,0
simple_2015_0_44,0
simple_2015_0_45,0
simple_2015_0_46,0
simple_2015_0_47,0
simple_2015_0_48,1
simple_2015_0_49,0
simple_2015_0_50,0
simple_2015_0_51,0
simple_2015_0_52,0
simple_2015_0_53,0
simple_2015_0_54,0
simple_2015_0_55,0
simple_2015_0_56,0
simple_2015_0_57,0
simple_2015_0_58,0
simple_2015_0_59,0
simple_2015_0_60,0
simple_2015_0_61,0
simple_2015_0_62,0
simple_2015_0_63,0
simple_2015_0_64,0
simple_2015_0_65,0
simple_2015_0_66,0
simple_2015_0_67,0
simple_2015_0_68,3
simple_2015_0_69,1
simple_2015_0_70,1
simple_2015_0_71,1
simple_2015_0_72,1
simple_2015_0_73,2
simple_2015_0_74,1
simple_2015_0_75,0
simple_2015_0_76,0
simple_2015_0_77,0
simple_2015_0_78,1
simple_2015_0_79,1
simple_2015_0_80,1
simple_2015_0_81,0
simple_2015_0_82,1
simple_2015_0_83,1
simple_2015_0_84,0
simple_2015_0_85,0
simple_2015_0_86,0
simple_2015_0_87,1
simple_2015_0_88,0
simple_2015_0_89,0
simple_2015_0_90,0
simple_2015_0_91,0
simple_2015_0_92,1
simple_2015_0_93,0
simple_2015_0_94,0
simple_2015_0_95,0
simple_2015_0_96,0
simple_2015_0_97,0
simple_2015_0_98,0
simple_2015_0_99,1
simple_2015_0_100,0
simple_2015_0_101,0
simple_2015_0_102,0
simple_2015_0_103,0
simple_2015_0_104,0
simple_2015_0_105,0
simple_2015_0_106,0
simple_2015_0_107,0
simple_2015_0_108,0
simple_2015_0_109,1
simple_2015_0_110,0
simple_2015_0_111,0
simple_2015_0_112,0
simple_2015_0_113,0
simple_2015_0_114,1
simple_2015_0_115,0
simple_2015_0_116,0
simple_2015_0_117,1
simple_2015_0_118,1
simple_2015_0_119,0
simple_2015_0_120,0
simple_2015_0_121,0
simple_2015_0_122,0
simple_2015_0_123,0
simple_2015_0_124,0
simple_2015_0_125,0
simple_2015_0_126,0
simple_2015_0_127,0
simple_2015_0_128,0
simple_2015_0_129,1
simple_2015_0_130,1
simple_2015_0_131,1
simple_2015_0_132,0
simple_2015_0_133,1
simple_2015_0_134,1
simple_2015_0_135,0
simple_2015_0_136,0
simple_2015_0_137,0
simple_2015_0_138,0
simple_2015_0_139,0
simple_2015_0_140,0
simple_2015_0_141,0
simple_2015_0_142,0
simple_2015_0_143,0
simple_2015_0_144,0
simple_2015_0_145,1
simple_2015_0_146,0
simple_2015_0_147,0
simple_2015_0_148,0
simple_2015_0_149,0
simple_2015_0_150,0
simple_2015_0_151,0
simple_2015_0_152,0
simple_2015_0_153,0
simple_2015_0_154,0
simple_2015_0_155,0
simple_2015_0_156,0
simple_2015_0_157,0
simple_2015_0_158,0
simple_2015_0_159,0
simple_2015_0_160,0
simple_2015_0_161,0
simple_2015_0_162,1
simple_2015_0_163,0
simple_2015_0_164,0
simple_2015_0_165,0
simple_2015_0_166,0
simple_2015_0_167,0
simple_2015_0_168,0
simple_2015_0_169,0
simple_2015_0_170,0
simple_2015_0_171,0
simple_2015_0_172,0
simple_2015_0_173,0
simple_2015_0_174,1
simple_2015_0_175,0
simple_2015_0_176,0
simple_2015_0_177,0
simple_2015_0_178,0
simple_2015_0_179,0
simple_2015_0_180,0
simple_2015_0_181,0
simple_2015_0_182,0
simple_2015_0_183,0
simple_2015_0_184,0
simple_2015_0_185,0
simple_2015_0_186,0
simple_2015_0_187,2
simple_2015_0_188,4
simple_2015_0_189,0
simple_2015_0_190,0
simple_2015_0_191,1
simple_2015_0_192,0
simple_2015_0_193,0
simple_2015_0_194,0
simple_2015_0_195,0
simple_2015_0_196,0
simple_2015_0_197,0
simple_2015_0_198,0
simple_2015_0_199,0
simple_2015_0_200,0
simple_2015_0_201,0
simple_2015_0_202,0
simple_2015_0_203,0
simple_2015_0_204,0
simple_2015_0_205,0
simple_2015_0_206,0
simple_2015_0_207,0
simple_2015_0_208,0
simple_2015_0_209,0
simple_2015_0_210,0
simple_2015_0_211,0
simple_2015_0_212,0
simple_2015_0_213,0
simple_2015_0_214,0
simple_2015_0_215,0
simple_2015_0_216,0
simple_2015_0_217,0
simple_2015_0_218,0
simple_2015_0_219,0
simple_2015_0_220,0
simple_2015_0_221,0
simple_2015_0_222,1
simple_2015_0_223,1
simple_2015_0_224,0
simple_2015_0_225,0
simple_2015_0_226,0
simple_2015_0_227,0
simple_2015_0_228,0
simple_2015_0_229,0
simple_2015_0_230,0
simple_2015_0_231,0
simple_2015_0_232,0
simple_2015_0_233,0
simple_2015_0_234,0
simple_2015_0_235,0
simple_2015_0_236,0
simple_2015_0_237,0
simple_2015_0_238,0
simple_2015_0_239,0
simple_2015_0_240,0
simple_2015_0_241,0
simple_2015_0_242,0
simple_2015_0_243,0
simple_2015_0_244,0
simple_2015_0_245,0
simple_2015_0_246,0
simple_2015_0_247,0
simple_2015_0_248,0
simple_2015_0_249,0
simple_2015_0_250,0
simple_2015_0_251,0
simple_2015_0_252,0
simple_2015_0_253,0
simple_2015_0_254,0
simple_2015_0_255,1
simple_2015_0_256,0
simple_2015_0_257,0
simple_2015_0_258,0
simple_2015_0_259,0
simple_2015_0_260,0
simple_2015_0_261,0
simple_2015_0_262,0
simple_2015_0_263,0
simple_2015_0_264,0
simple_2015_0_265,0
simple_2015_0_266,0
simple_2015_0_267,0
simple_2015_0_268,0
simple_2015_0_269,0
simple_2015_0_270,0
simple_2015_0_271,0
simple_2015_0_272,0
simple_2015_0_273,0
simple_2015_0_274,0
simple_2015_0_275,0
simple_2015_0_276,0
simple_2015_0_277,0
simple_2015_0_278,0
simple_2015_0_279,0
simple_2015_0_280,0
simple_2015_0_281,0
simple_2015_0_282,0
simple_2015_0_283,0
simple_2016_0_1,2
simple_2016_0_2,2
simple_2016_0_3,1
simple_2016_0_4,1
simple_2016_0_5,0
simple_2016_0_6,0
simple_2016_0_7,0
simple_2016_0_8,0
simple_2016_0_9,0
simple_2016_0_10,0
simple_2016_0_11,0
simple_2016_0_12,0
simple_2016_0_13,0
simple_2016_0_14,0
simple_2016_0_15,0
simple_2016_0_16,0
simple_2016_0_17,0
simple_2016_0_18,0
simple_2016_0_19,0
simple_2016_0_20,0
simple_2016_0_21,0
simple_2016_0_22,0
simple_2016_0_23,0
simple_2016_0_24,0
simple_2016_0_25,0
simple_2016_0_26,0
simple_2016_0_27,0
simple_2016_0_28,0
simple_2016_0_29,0
simple_2016_0_30,0
simple_2016_0_31,0
simple_2016_0_32,0
simple_2016_0_33,0
simple_2016_0_34,1
simple_2016_0_35,1
simple_2016_0_36,0
simple_2016_0_37,0
simple_2016_0_38,0
simple_2016_0_39,0
simple_2016_0_40,0
simple_2016_0_41,0
simple_2016_0_42,0
simple_2016_0_43,0
simple_2016_0_44,0
simple_2016_0_45,0
simple_2016_0_46,0
simple_2016_0_47,0
simple_2016_0_48,1
simple_2016_0_49,0
simple_2016_0_50,0
simple_2016_0_51,0
simple_2016_0_52,0
simple_2016_0_53,0
simple_2016_0_54,0
simple_2016_0_55,0
simple_2016_0_56,0
simple_2016_0_57,0
simple_2016_0_58,0
simple_2016_0_59,0
simple_2016_0_60,0
simple_2016_0_61,0
simple_2016_0_62,0
simple_2016_0_63,0
simple_2016_0_64,0
simple_2016_0_65,0
simple_2016_0_66,0
simple_2016_0_67,0
simple_2016_0_68,3
simple_2016_0_69,1
simple_2016_0_70,1
simple_2016_0_71,1
simple_2016_0_72,1
simple_2016_0_73,2
simple_2016_0_74,1
simple_2016_0_75,0
simple_2016_0_76,0
simple_2016_0_77,0
simple_2016_0_78,1
simple_2016_0_79,1
simple_2016_0_80,1
simple_2016_0_81,0
simple_2016_0_82,1
simple_2016_0_83,1
simple_2016_0_84,0
simple_2016_0_85,0
simple_2016_0_86,0
simple_2016_0_87,1
simple_2016_0_88,0
simple_2016_0_89,0
simple_2016_0_90,0
simple_2016_0_91,0
simple_2016_0_92,1
simple_2016_0_93,0
simple_2016_0_94,0
simple_2016_0_95,0
simple_2016_0_96,0
simple_2016_0_97,0
simple_2016_0_98,0
simple_2016_0_99,1
simple_2016_0_100,0
simple_2016_0_101,0
simple_2016_0_102,0
simple_2016_0_103,0
simple_2016_0_104,0
simple_2016_0_105,0
simple_2016_0_106,0
simple_2016_0_107,0
simple_2016_0_108,0
simple_2016_0_109,1
simple_2016_0_110,0
simple_2016_0_111,0
simple_2016_0_112,0
simple_2016_0_113,0
simple_2016_0_114,1
simple_2016_0_115,0
simple_2016_0_116,0
simple_2016_0_117,1
simple_2016_0_118,1
simple_2016_0_119,0
simple_2016_0_120,0
simple_2016_0_121,0
simple_2016_0_122,0
simple_2016_0_123,0
simple_2016_0_124,0
simple_2016_0_125,0
simple_2016_0_126,0
simple_2016_0_127,0
simple_2016_0_128,0
simple_2016_0_129,1
simple_2016_0_130,1
simple_2016_0_131,1
simple_2016_0_132,0
simple_2016_0_133,1
simple_2016_0_134,0
simple_2016_0_135,0
simple_2016_0_136,0
simple_2016_0_137,0
simple_2016_0_138,0
simple_2016_0_139,0
simple_2016_0_140,0
simple_2016_0_141,0
simple_2016_0_142,0
simple_2016_0_143,0
simple_2016_0_144,0
simple_2016_0_145,1
simple_2016_0_146,0
simple_2016_0_147,0
simple_2016_0_148,0
simple_2016_0_149,0
simple_2016_0_150,0
simple_2016_0_151,0
simple_2016_0_152,0
simple_2016_0_153,0
simple_2016_0_154,0
simple_2016_0_155,0
simple_2016_0_156,0
simple_2016_0_157,0
simple_2016_0_158,0
simple_2016_0_159,0
simple_2016_0_160,0
simple_2016_0_161,0
simple_2016_0_162,1
simple_2016_0_163,0
simple_2016_0_164,0
simple_2016_0_165,0
simple_2016_0_166,0
simple_2016_0_167,0
simple_2016_0_168,0
simple_2016_0_169,0
simple_2016_0_170,0
simple_2016_0_171,0
simple_2016_0_172,0
simple_2016_0_173,0
simple_2016_0_174,1
simple_2016_0_175,0
simple_2016_0_176,0
simple_2016_0_177,0
simple_2016_0_178,0
simple_2016_0_179,0
simple_2016_0_180,0
simple_2016_0_181,0
simple_2016_0_182,0
simple_2016_0_183,0
simple_2016_0_184,0
simple_2016_0_185,0
simple_2016_0_186,0
simple_2016_0_187,2
simple_2016_0_188,4
simple_2016_0_189,1
simple_2016_0_190,0
simple_2016_0_191,1
simple_2016_0_192,0
simple_2016_0_193,0
simple_2016_0_194,0
simple_2016_0_195,0
simple_2016_0_196,0
simple_2016_0_197,0
simple_2016_0_198,0
simple_2016_0_199,0
simple_2016_0_200,0
simple_2016_0_201,0
simple_2016_0_202,0
simple_2016_0_203,0
simple_2016_0_204,0
simple_2016_0_205,0
simple_2016_0_206,0
simple_2016_0_207,0
simple_2016_0_208,0
simple_2016_0_209,0
simple_2016_0_210,0
simple_2016_0_211,0
simple_2016_0_212,0
simple_2016_0_213,0
simple_2016_0_214,0
simple_2016_0_215,0
simple_2016_0_216,0
simple_2016_0_217,0
simple_2016_0_218,0
simple_2016_0_219,0
simple_2016_0_220,0
simple_2016_0_221,0
simple_2016_0_222,1
simple_2016_0_223,1
simple_2016_0_224,0
simple_2016_0_225,0
simple_2016_0_226,0
simple_2016_0_227,0
simple_2016_0_228,0
simple_2016_0_229,0
simple_2016_0_230,0
simple_2016_0_231,0
simple_2016_0_232,0
simple_2016_0_233,0
simple_2016_0_234,0
simple_2016_0_235,0
simple_2016_0_236,0
simple_2016_0_237,0
simple_2016_0_238,0
simple_2016_0_239,0
simple_2016_0_240,0
simple_2016_0_241,0
simple_2016_0_242,0
simple_2016_0_243,0
simple_2016_0_244,0
simple_2016_0_245,0
simple_2016_0_246,0
simple_2016_0_247,0
simple_2016_0_248,0
simple_2016_0_249,0
simple_2016_0_250,0
simple_2016_0_251,0
simple_2016_0_252,0
simple_2016_0_253,0
simple_2016_0_254,0
simple_2016_0_255,1
simple_2016_0_256,0
simple_2016_0_257,0
simple_2016_0_258,0
simple_2016_0_259,0
simple_2016_0_260,0
simple_2016_0_261,0
simple_2016_0_262,0
simple_2016_0_263,0
simple_2016_0_264,0
simple_2016_0_265,0
simple_2016_0_266,0
simple_2016_0_267,0
simple_2016_0_268,0
simple_2016_0_269,0
simple_2016_0_270,0
simple_2016_0_271,0
simple_2016_0_272,0
simple_2016_0_273,0
simple_2016_0_274,0
simple_2016_0_275,0
simple_2016_0_276,0
simple_2016_0_277,0
simple_2016_0_278,0
simple_2016_0_279,0
simple_2016_0_280,0
simple_2016_0_281,0
simple_2016_0_282,0
simple_2016_0_283,0
simple_2017_0_1,2
simple_2017_0_2,2
simple_2017_0_3,0
simple_2017_0_4,0
simple_2017_0_5,0
simple_2017_0_6,0
simple_2017_0_7,0
simple_2017_0_8,0
simple_2017_0_9,0
simple_2017_0_10,0
simple_2017_0_11,0
simple_2017_0_12,0
simple_2017_0_13,0
simple_2017_0_14,0
simple_2017_0_15,0
simple_2017_0_16,0
simple_2017_0_17,0
simple_2017_0_18,0
simple_2017_0_19,0
simple_2017_0_20,0
simple_2017_0_21,0
simple_2017_0_22,0
simple_2017_0_23,0
simple_2017_0_24,0
simple_2017_0_25,0
simple_2017_0_26,0
simple_2017_0_27,0
simple_2017_0_28,0
simple_2017_0_29,0
simple_2017_0_30,0
simple_2017_0_31,0
simple_2017_0_32,0
simple_2017_0_33,0
simple_2017_0_34,1
simple_2017_0_35,1
simple_2017_0_36,0
simple_2017_0_37,0
simple_2017_0_38,0
simple_2017_0_39,0
simple_2017_0_40,0
simple_2017_0_41,0
simple_2017_0_42,0
simple_2017_0_43,0
simple_2017_0_44,0
simple_2017_0_45,0
simple_2017_0_46,0
simple_2017_0_47,0
simple_2017_0_48,0
simple_2017_0_49,0
simple_2017_0_50,0
simple_2017_0_51,0
simple_2017_0_52,0
simple_2017_0_53,0
simple_2017_0_54,0
simple_2017_0_55,0
simple_2017_0_56,0
simple_2017_0_57,0
simple_2017_0_58,0
simple_2017_0_59,0
simple_2017_0_60,0
simple_2017_0_61,0
simple_2017_0_62,0
simple_2017_0_63,0
simple_2017_0_64,0
simple_2017_0_65,0
simple_2017_0_66,0
simple_2017_0_67,0
simple_2017_0_68,3
simple_2017_0_69,1
simple_2017_0_70,1
simple_2017_0_71,1
simple_2017_0_72,1
simple_2017_0_73,1
simple_2017_0_74,1
simple_2017_0_75,0
simple_2017_0_76,0
simple_2017_0_77,1
simple_2017_0_78,1
simple_2017_0_79,1
simple_2017_0_80,1
simple_2017_0_81,0
simple_2017_0_82,1
simple_2017_0_83,1
simple_2017_0_84,0
simple_2017_0_85,0
simple_2017_0_86,0
simple_2017_0_87,0
simple_2017_0_88,0
simple_2017_0_89,0
simple_2017_0_90,0
simple_2017_0_91,0
simple_2017_0_92,1
simple_2017_0_93,0
simple_2017_0_94,0
simple_2017_0_95,0
simple_2017_0_96,0
simple_2017_0_97,0
simple_2017_0_98,0
simple_2017_0_99,1
simple_2017_0_100,0
simple_2017_0_101,0
simple_2017_0_102,0
simple_2017_0_103,0
simple_2017_0_104,0
simple_2017_0_105,0
simple_2017_0_106,0
simple_2017_0_107,0
simple_2017_0_108,0
simple_2017_0_109,1
simple_2017_0_110,0
simple_2017_0_111,0
simple_2017_0_112,0
simple_2017_0_113,0
simple_2017_0_114,1
simple_2017_0_115,0
simple_2017_0_116,0
simple_2017_0_117,1
simple_2017_0_118,1
simple_2017_0_119,0
simple_2017_0_120,0
simple_2017_0_121,0
simple_2017_0_122,0
simple_2017_0_123,0
simple_2017_0_124,0
simple_2017_0_125,0
simple_2017_0_126,0
simple_2017_0_127,0
simple_2017_0_128,0
simple_2017_0_129,1
simple_2017_0_130,1
simple_2017_0_131,1
simple_2017_0_132,0
simple_2017_0_133,1
simple_2017_0_134,0
simple_2017_0_135,0
simple_2017_0_136,0
simple_2017_0_137,0
simple_2017_0_138,0
simple_2017_0_139,0
simple_2017_0_140,0
simple_2017_0_141,0
simple_2017_0_142,0
simple_2017_0_143,0
simple_2017_0_144,0
simple_2017_0_145,1
simple_2017_0_146,0
simple_2017_0_147,0
simple_2017_0_148,0
simple_2017_0_149,0
simple_2017_0_150,0
simple_2017_0_151,0
simple_2017_0_152,0
simple_2017_0_153,0
simple_2017_0_154,0
simple_2017_0_155,0
simple_2017_0_156,0
simple_2017_0_157,0
simple_2017_0_158,0
simple_2017_0_159,0
simple_2017_0_160,0
simple_2017_0_161,0
simple_2017_0_162,1
simple_2017_0_163,0
simple_2017_0_164,0
simple_2017_0_165,0
simple_2017_0_166,0
simple_2017_0_167,0
simple_2017_0_168,0
simple_2017_0_169,0
simple_2017_0_170,0
simple_2017_0_171,0
simple_2017_0_172,0
simple_2017_0_173,0
simple_2017_0_174,1
simple_2017_0_175,0
simple_2017_0_176,0
simple_2017_0_177,0
simple_2017_0_178,0
simple_2017_0_179,0
simple_2017_0_180,0
simple_2017_0_181,0
simple_2017_0_182,0
simple_2017_0_183,0
simple_2017_0_184,0
simple_2017_0_185,0
simple_2017_0_186,0
simple_2017_0_187,2
simple_2017_0_188,4
simple_2017_0_189,1
simple_2017_0_190,0
simple_2017_0_191,1
simple_2017_0_192,0
simple_2017_0_193,0
simple_2017_0_194,0
simple_2017_0_195,0
simple_2017_0_196,0
simple_2017_0_197,0
simple_2017_0_198,0
simple_2017_0_199,0
simple_2017_0_200,0
simple_2017_0_201,0
simple_2017_0_202,0
simple_2017_0_203,0
simple_2017_0_204,0
simple_2017_0_205,0
simple_2017_0_206,0
simple_2017_0_207,0
simple_2017_0_208,0
simple_2017_0_209,0
simple_2017_0_210,0
simple_2017_0_211,0
simple_2017_0_212,0
simple_2017_0_213,0
simple_2017_0_214,0
simple_2017_0_215,0
simple_2017_0_216,0
simple_2017_0_217,0
simple_2017_0_218,0
simple_2017_0_219,0
simple_2017_0_220,0
simple_2017_0_221,0
simple_2017_0_222,1
simple_2017_0_223,1
simple_2017_0_224,0
simple_2017_0_225,0
simple_2017_0_226,0
simple_2017_0_227,0
simple_2017_0_228,0
simple_2017_0_229,0
simple_2017_0_230,0
simple_2017_0_231,0
simple_2017_0_232,0
simple_2017_0_233,0
simple_2017_0_234,0
simple_2017_0_235,0
simple_2017_0_236,0
simple_2017_0_237,0
simple_2017_0_238,0
simple_2017_0_239,0
simple_2017_0_240,0
simple_2017_0_241,0
simple_2017_0_242,0
simple_2017_0_243,0
simple_2017_0_244,0
simple_2017_0_245,0
simple_2017_0_246,0
simple_2017_0_247,0
simple_2017_0_248,0
simple_2017_0_249,0
simple_2017_0_250,0
simple_2017_0_251,0
simple_2017_0_252,0
simple_2017_0_253,0
simple_2017_0_254,0
simple_2017_0_255,1
simple_2017_0_256,0
simple_2017_0_257,0
simple_2017_0_258,0
simple_2017_0_259,0
simple_2017_0_260,0
simple_2017_0_261,0
simple_2017_0_262,0
simple_2017_0_263,0
simple_2017_0_264,0
simple_2017_0_265,0
simple_2017_0_266,0
simple_2017_0_267,0
simple_2017_0_268,0
simple_2017_0_269,0
simple_2017_0_270,0
simple_2017_0_271,0
simple_2017_0_272,0
simple_2017_0_273,0
simple_2017_0_274,0
simple_2017_0_275,0
simple_2017_0_276,0
simple_2017_0_277,0
simple_2017_0_278,0
simple_2017_0_279,0
simple_2017_0_280,0
simple_2017_0_281,0
simple_2017_0_282,0
simple_2017_0_283,0
simple_2018_0_1,1
simple_2018_0_2,1
simple_2018_0_3,0
simple_2018_0_4,0
simple_2018_0_5,0
simple_2018_0_6,0
simple_2018_0_7,0
simple_2018_0_8,0
simple_2018_0_9,0
simple_2018_0_10,0
simple_2018_0_11,0
simple_2018_0_12,0
simple_2018_0_13,0
simple_2018_0_14,0
simple_2018_0_15,0
simple_2018_0_16,0
simple_2018_0_17,0
simple_2018_0_18,0
simple_2018_0_19,0
simple_2018_0_20,0
simple_2018_0_21,0
simple_2018_0_22,0
simple_2018_0_23,0
simple_2018_0_24,0
simple_2018_0_25,0
simple_2018_0_26,0
simple_2018_0_27,0
simple_2018_0_28,0
simple_2018_0_29,0
simple_2018_0_30,0
simple_2018_0_31,0
simple_2018_0_32,0
simple_2018_0_33,0
simple_2018_0_34,0
simple_2018_0_35,0
simple_2018_0_36,0
simple_2018_0_37,0
simple_2018_0_38,0
simple_2018_0_39,0
simple_2018_0_40,0
simple_2018_0_41,0
simple_2018_0_42,0
simple_2018_0_43,0
simple_2018_0_44,0
simple_2018_0_45,0
simple_2018_0_46,0
simple_2018_0_47,0
simple_2018_0_48,0
simple_2018_0_49,0
simple_2018_0_50,0
simple_2018_0_51,0
simple_2018_0_52,0
simple_2018_0_53,0
simple_2018_0_54,0
simple_2018_0_55,0
simple_2018_0_56,0
simple_2018_0_57,0
simple_2018_0_58,0
simple_2018_0_59,0
simple_2018_0_60,0
simple_2018_0_61,0
simple_2018_0_62,0
simple_2018_0_63,0
simple_2018_0_64,0
simple_2018_0_65,0
simple_2018_0_66,0
simple_2018_0_67,0
simple_2018_0_68,2
simple_2018_0_69,1
simple_2018_0_70,1
simple_2018_0_71,0
simple_2018_0_72,1
simple_2018_0_73,1
simple_2018_0_74,1
simple_2018_0_75,0
simple_2018_0_76,0
simple_2018_0_77,0
simple_2018_0_78,0
simple_2018_0_79,1
simple_2018_0_80,0
simple_2018_0_81,0
simple_2018_0_82,1
simple_2018_0_83,0
simple_2018_0_84,0
simple_2018_0_85,0
simple_2018_0_86,0
simple_2018_0_87,0
simple_2018_0_88,0
simple_2018_0_89,0
simple_2018_0_90,0
simple_2018_0_91,0
simple_2018_0_92,1
simple_2018_0_93,0
simple_2018_0_94,0
simple_2018_0_95,0
simple_2018_0_96,0
simple_2018_0_97,0
simple_2018_0_98,0
simple_2018_0_99,0
simple_2018_0_100,0
simple_2018_0_101,0
simple_2018_0_102,0
simple_2018_0_103,0
simple_2018_0_104,0
simple_2018_0_105,0
simple_2018_0_106,0
simple_2018_0_107,0
simple_2018_0_108,0
simple_2018_0_109,0
simple_2018_0_110,0
simple_2018_0_111,0
simple_2018_0_112,0
simple_2018_0_113,0
simple_2018_0_114,0
simple_2018_0_115,0
simple_2018_0_116,0
simple_2018_0_117,1
simple_2018_0_118,0
simple_2018_0_119,0
simple_2018_0_120,0
simple_2018_0_121,0
simple_2018_0_122,0
simple_2018_0_123,0
simple_2018_0_124,0
simple_2018_0_125,0
simple_2018_0_126,0
simple_2018_0_127,0
simple_2018_0_128,0
simple_2018_0_129,1
simple_2018_0_130,1
simple_2018_0_131,0
simple_2018_0_132,0
simple_2018_0_133,0
simple_2018_0_134,0
simple_2018_0_135,0
simple_2018_0_136,0
simple_2018_0_137,0
simple_2018_0_138,0
simple_2018_0_139,0
simple_2018_0_140,0
simple_2018_0_141,0
simple_2018_0_142,0
simple_2018_0_143,0
simple_2018_0_144,0
simple_2018_0_145,1
simple_2018_0_146,0
simple_2018_0_147,0
simple_2018_0_148,0
simple_2018_0_149,0
simple_2018_0_150,0
simple_2018_0_151,0
simple_2018_0_152,0
simple_2018_0_153,0
simple_2018_0_154,0
simple_2018_0_155,0
simple_2018_0_156,0
simple_2018_0_157,0
simple_2018_0_158,0
simple_2018_0_159,0
simple_2018_0_160,0
simple_2018_0_161,0
simple_2018_0_162,1
simple_2018_0_163,0
simple_2018_0_164,0
simple_2018_0_165,0
simple_2018_0_166,0
simple_2018_0_167,0
simple_2018_0_168,0
simple_2018_0_169,0
simple_2018_0_170,0
simple_2018_0_171,0
simple_2018_0_172,0
simple_2018_0_173,0
simple_2018_0_174,1
simple_2018_0_175,0
simple_2018_0_176,0
simple_2018_0_177,0
simple_2018_0_178,0
simple_2018_0_179,0
simple_2018_0_180,0
simple_2018_0_181,0
simple_2018_0_182,0
simple_2018_0_183,0
simple_2018_0_184,0
simple_2018_0_185,0
simple_2018_0_186,0
simple_2018_0_187,2
simple_2018_0_188,4
simple_2018_0_189,1
simple_2018_0_190,0
simple_2018_0_191,1
simple_2018_0_192,0
simple_2018_0_193,0
simple_2018_0_194,0
simple_2018_0_195,0
simple_2018_0_196,0
simple_2018_0_197,0
simple_2018_0_198,0
simple_2018_0_199,0
simple_2018_0_200,0
simple_2018_0_201,0
simple_2018_0_202,0
simple_2018_0_203,0
simple_2018_0_204,0
simple_2018_0_205,0
simple_2018_0_206,0
simple_2018_0_207,0
simple_2018_0_208,0
simple_2018_0_209,0
simple_2018_0_210,0
simple_2018_0_211,0
simple_2018_0_212,0
simple_2018_0_213,0
simple_2018_0_214,0
simple_2018_0_215,0
simple_2018_0_216,0
simple_2018_0_217,0
simple_2018_0_218,0
simple_2018_0_219,0
simple_2018_0_220,0
simple_2018_0_221,0
simple_2018_0_222,1
simple_2018_0_223,1
simple_2018_0_224,0
simple_2018_0_225,0
simple_2018_0_226,0
simple_2018_0_227,0
simple_2018_0_228,0
simple_2018_0_229,0
simple_2018_0_230,0
simple_2018_0_231,0
simple_2018_0_232,0
simple_2018_0_233,0
simple_2018_0_234,0
simple_2018_0_235,0
simple_2018_0_236,0
simple_2018_0_237,0
simple_2018_0_238,0
simple_2018_0_239,0
simple_2018_0_240,0
simple_2018_0_241,0
simple_2018_0_242,0
simple_2018_0_243,0
simple_2018_0_244,0
simple_2018_0_245,0
simple_2018_0_246,0
simple_2018_0_247,0
simple_2018_0_248,0
simple_2018_0_249,0
simple_2018_0_250,0
simple_2018_0_251,0
simple_2018_0_252,0
simple_2018_0_253,0
simple_2018_0_254,0
simple_2018_0_255,0
simple_2018_0_256,0
simple_2018_0_257,0
simple_2018_0_258,0
simple_2018_0_259,0
simple_2018_0_260,0
simple_2018_0_261,0
simple_2018_0_262,0
simple_2018_0_263,0
simple_2018_0_264,0
simple_2018_0_265,0
simple_2018_0_266,0
simple_2018_0_267,0
simple_2018_0_268,0
simple_2018_0_269,0
simple_2018_0_270,0
simple_2018_0_271,0
simple_2018_0_272,0
simple_2018_0_273,0
simple_2018_0_274,0
simple_2018_0_275,0
simple_2018_0_276,0
simple_2018_0_277,0
simple_2018_0_278,0
simple_2018_0_279,0
simple_2018_0_280,0
simple_2018_0_281,0
simple_2018_0_282,0
simple_2018_0_283,0
simple_2019_0_1,4
simple_2019_0_2,2
simple_2019_0_3,1
simple_2019_0_4,2
simple_2019_0_5,1
simple_2019_0_6,1
simple_2019_0_7,1
simple_2019_0_8,1
simple_2019_0_9,1
simple_2019_0_10,1
simple_2019_0_11,2
simple_2019_0_12,1
simple_2019_0_13,1
simple_2019_0_14,2
simple_2019_0_15,1
simple_2019_0_16,1
simple_2019_0_17,1
simple_2019_0_18,1
simple_2019_0_19,1
simple_2019_0_20,0
simple_2019_0_21,1
simple_2019_0_22,1
simple_2019_0_23,1
simple_2019_0_24,1
simple_2019_0_25,0
simple_2019_0_26,0
simple_2019_0_27,0
simple_2019_0_28,1
simple_2019_0_29,0
simple_2019_0_30,1
simple_2019_0_31,1
simple_2019_0_32,1
simple_2019_0_33,0
simple_2019_0_34,1
simple_2019_0_35,2
simple_2019_0_36,1
simple_2019_0_37,1
simple_2019_0_38,1
simple_2019_0_39,0
simple_2019_0_40,1
simple_2019_0_41,1
simple_2019_0_42,0
simple_2019_0_43,1
simple_2019_0_44,0
simple_2019_0_45,0
simple_2019_0_46,1
simple_2019_0_47,1
simple_2019_0_48,2
simple_2019_0_49,1
simple_2019_0_50,0
simple_2019_0_51,1
simple_2019_0_52,1
simple_2019_0_53,1
simple_2019_0_54,0
simple_2019_0_55,1
simple_2019_0_56,1
simple_2019_0_57,0
simple_2019_0_58,0
simple_2019_0_59,1
simple_2019_0_60,0
simple_2019_0_61,0
simple_2019_0_62,0
simple_2019_0_63,0
simple_2019_0_64,0
simple_2019_0_65,0
simple_2019_0_66,1
simple_2019_0_67,0
simple_2019_0_68,4
simple_2019_0_69,3
simple_2019_0_70,3
simple_2019_0_71,2
simple_2019_0_72,3
simple_2019_0_73,3
simple_2019_0_74,2
simple_2019_0_75,1
simple_2019_0_76,2
simple_2019_0_77,2
simple_2019_0_78,2
simple_2019_0_79,2
simple_2019_0_80,2
simple_2019_0_81,1
simple_2019_0_82,3
simple_2019_0_83,2
simple_2019_0_84,2
simple_2019_0_85,2
simple_2019_0_86,2
simple_2019_0_87,2
simple_2019_0_88,2
simple_2019_0_89,2
simple_2019_0_90,1
simple_2019_0_91,1
simple_2019_0_92,3
simple_2019_0_93,1
simple_2019_0_94,1
simple_2019_0_95,1
simple_2019_0_96,1
simple_2019_0_97,1
simple_2019_0_98,1
simple_2019_0_99,2
simple_2019_0_100,1
simple_2019_0_101,1
simple_2019_0_102,1
simple_2019_0_103,2
simple_2019_0_104,1
simple_2019_0_105,2
simple_2019_0_106,1
simple_2019_0_107,1
simple_2019_0_108,1
simple_2019_0_109,2
simple_2019_0_110,1
simple_2019_0_111,1
simple_2019_0_112,1
simple_2019_0_113,2
simple_2019_0_114,2
simple_2019_0_115,2
simple_2019_0_116,1
simple_2019_0_117,2
simple_2019_0_118,2
simple_2019_0_119,1
simple_2019_0_120,1
simple_2019_0_121,1
simple_2019_0_122,1
simple_2019_0_123,1
simple_2019_0_124,1
simple_2019_0_125,1
simple_2019_0_126,1
simple_2019_0_127,1
simple_2019_0_128,1
simple_2019_0_129,2
simple_2019_0_130,2
simple_2019_0_131,2
simple_2019_0_132,1
simple_2019_0_133,2
simple_2019_0_134,2
simple_2019_0_135,2
simple_2019_0_136,1
simple_2019_0_137,1
simple_2019_0_138,1
simple_2019_0_139,1
simple_2019_0_140,1
simple_2019_0_141,1
simple_2019_0_142,2
simple_2019_0_143,2
simple_2019_0_144,1
simple_2019_0_145,2
simple_2019_0_146,1
simple_2019_0_147,2
simple_2019_0_148,1
simple_2019_0_149,1
simple_2019_0_150,1
simple_2019_0_151,1
simple_2019_0_152,2
simple_2019_0_153,1
simple_2019_0_154,2
simple_2019_0_155,1
simple_2019_0_156,1
simple_2019_0_157,1
simple_2019_0_158,1
simple_2019_0_159,1
simple_2019_0_160,1
simple_2019_0_161,1
simple_2019_0_162,3
simple_2019_0_163,1
simple_2019_0_164,1
simple_2019_0_165,1
simple_2019_0_166,2
simple_2019_0_167,2
simple_2019_0_168,2
simple_2019_0_169,1
simple_2019_0_170,1
simple_2019_0_171,1
simple_2019_0_172,1
simple_2019_0_173,1
simple_2019_0_174,3
simple_2019_0_175,1
simple_2019_0_176,1
simple_2019_0_177,1
simple_2019_0_178,1
simple_2019_0_179,1
simple_2019_0_180,1
simple_2019_0_181,1
simple_2019_0_182,1
simple_2019_0_183,1
simple_2019_0_184,1
simple_2019_0_185,1
simple_2019_0_186,1
simple_2019_0_187,3
simple_2019_0_188,4
simple_2019_0_189,2
simple_2019_0_190,1
simple_2019_0_191,3
simple_2019_0_192,1
simple_2019_0_193,1
simple_2019_0_194,1
simple_2019_0_195,2
simple_2019_0_196,1
simple_2019_0_197,1
simple_2019_0_198,1
simple_2019_0_199,1
simple_2019_0_200,1
simple_2019_0_201,1
simple_2019_0_202,1
simple_2019_0_203,1
simple_2019_0_204,1
simple_2019_0_205,1
simple_2019_0_206,1
simple_2019_0_207,1
simple_2019_0_208,1
simple_2019_0_209,1
simple_2019_0_210,1
simple_2019_0_211,1
simple_2019_0_212,1
simple_2019_0_213,1
simple_2019_0_214,1
simple_2019_0_215,1
simple_2019_0_216,1
simple_2019_0_217,0
simple_2019_0_218,0
simple_2019_0_219,1
simple_2019_0_220,1
simple_2019_0_221,1
simple_2019_0_222,2
simple_2019_0_223,3
simple_2019_0_224,1
simple_2019_0_225,1
simple_2019_0_226,1
simple_2019_0_227,1
simple_2019_0_228,1
simple_2019_0_229,1
simple_2019_0_230,1
simple_2019_0_231,1
simple_2019_0_232,1
simple_2019_0_233,1
simple_2019_0_234,1
simple_2019_0_235,1
simple_2019_0_236,1
simple_2019_0_237,1
simple_2019_0_238,1
simple_2019_0_239,0
simple_2019_0_240,1
simple_2019_0_241,2
simple_2019_0_242,1
simple_2019_0_243,1
simple_2019_0_244,1
simple_2019_0_245,0
simple_2019_0_246,0
simple_2019_0_247,2
simple_2019_0_248,0
simple_2019_0_249,1
simple_2019_0_250,1
simple_2019_0_251,0
simple_2019_0_252,1
simple_2019_0_253,0
simple_2019_0_254,0
simple_2019_0_255,2
simple_2019_0_256,1
simple_2019_0_257,1
simple_2019_0_258,1
simple_2019_0_259,1
simple_2019_0_260,1
simple_2019_0_261,1
simple_2019_0_262,0
simple_2019_0_263,1
simple_2019_0_264,1
simple_2019_0_265,1
simple_2019_0_266,1
simple_2019_0_267,0
simple_2019_0_268,0
simple_2019_0_269,0
simple_2019_0_270,0
simple_2019_0_271,0
simple_2019_0_272,0
simple_2019_0_273,0
simple_2019_0_274,0
simple_2019_0_275,0
simple_2019_0_276,1
simple_2019_0_277,1
simple_2019_0_278,1
simple_2019_0_279,0
simple_2019_0_280,0
simple_2019_0_281,0
simple_2019_0_282,1
simple_2019_0_283,1
